Team,Age,W,L,PW,PL,MOV,SOS,SRS,ORtg,DRtg,NRtg,Pace,FTr,3PAr,TS%,yearEnd
Utah Jazz*,28.5,52,20,55,17,9.25,-0.29,8.97,117.6,108.3,9.3,98.5,0.244,0.488,0.597,2021
Los Angeles Clippers*,28.8,47,25,49,23,6.18,-0.16,6.02,117.6,111.2,6.4,96.9,0.222,0.4,0.599,2021
Phoenix Suns*,26.6,51,21,49,23,5.82,-0.15,5.67,117.2,111.3,5.9,97.2,0.212,0.392,0.597,2021
Milwaukee Bucks*,28.1,46,26,48,24,5.89,-0.32,5.57,117.2,111.4,5.8,102.2,0.233,0.404,0.593,2021
Philadelphia 76ers*,27.1,49,23,48,24,5.58,-0.31,5.28,113.2,107.6,5.6,99.5,0.293,0.347,0.579,2021
Denver Nuggets*,26.1,47,25,47,25,4.93,-0.11,4.82,117.1,112.1,5,97.1,0.219,0.383,0.588,2021
Brooklyn Nets*,28.2,48,24,46,26,4.5,-0.27,4.24,118.3,113.8,4.5,99.5,0.258,0.413,0.61,2021
Los Angeles Lakers*,28.2,42,30,42,30,2.79,-0.03,2.77,109.9,107.1,2.8,98.7,0.271,0.363,0.569,2021
Dallas Mavericks*,26.3,42,30,41,31,2.26,-0.01,2.26,115.4,113,2.4,97.3,0.242,0.436,0.582,2021
New York Knicks*,25.6,41,31,41,31,2.31,-0.18,2.13,110.6,108.2,2.4,95.9,0.242,0.347,0.559,2021
Atlanta Hawks*,25.4,41,31,41,31,2.32,-0.18,2.14,115.7,113.3,2.4,97.6,0.278,0.382,0.581,2021
Portland Trail Blazers*,27.4,42,30,40,32,1.79,0.01,1.81,117.8,116,1.8,98.4,0.238,0.448,0.577,2021
Boston Celtics*,25.1,36,36,39,33,1.46,-0.14,1.32,114,112.5,1.5,98.3,0.234,0.409,0.574,2021
Golden State Warriors,26.7,39,33,38,34,1.06,0.04,1.1,111.1,110.1,1,102.2,0.239,0.439,0.583,2021
Memphis Grizzlies*,24.2,38,34,38,34,1.03,0.04,1.07,112,111,1,100.4,0.232,0.342,0.56,2021
Miami Heat*,27.4,40,32,36,36,0.03,-0.09,-0.06,111.2,111.2,0,96.6,0.252,0.432,0.581,2021
Indiana Pacers,26.5,34,38,36,36,-0.04,-0.08,-0.13,112.4,112.4,0,101.6,0.227,0.372,0.575,2021
New Orleans Pelicans,24.8,31,41,35,37,-0.29,0.1,-0.2,113.5,113.8,-0.3,100.1,0.293,0.342,0.57,2021
Toronto Raptors,26.6,27,45,35,37,-0.47,-0.07,-0.54,112,112.5,-0.5,99.2,0.241,0.444,0.567,2021
Chicago Bulls,25.6,31,41,34,38,-0.89,-0.05,-0.94,111.1,112,-0.9,99,0.197,0.383,0.575,2021
San Antonio Spurs,26.2,33,39,32,40,-1.74,0.15,-1.58,111,112.8,-1.8,98.9,0.243,0.314,0.554,2021
Washington Wizards*,26.6,34,38,32,40,-1.83,-0.01,-1.85,111.2,113,-1.8,104.1,0.288,0.319,0.569,2021
Charlotte Hornets,24.6,33,39,32,40,-1.93,-0.01,-1.94,110.9,112.8,-1.9,98.3,0.238,0.422,0.564,2021
Sacramento Kings,25.6,31,41,28,44,-3.68,0.23,-3.45,113.6,117.2,-3.6,100,0.248,0.376,0.578,2021
Detroit Pistons,24.5,20,52,26,46,-4.47,0.09,-4.38,108,112.5,-4.5,97.9,0.273,0.385,0.556,2021
Minnesota Timberwolves,23.2,23,49,24,48,-5.56,0.31,-5.25,109.5,115,-5.5,101.6,0.254,0.413,0.555,2021
Houston Rockets,26.5,17,55,20,52,-7.9,0.4,-7.5,107.1,114.9,-7.8,101.4,0.252,0.459,0.553,2021
Cleveland Cavaliers,24,22,50,18,54,-8.44,0.25,-8.19,105.8,114.4,-8.6,97.3,0.261,0.347,0.543,2021
Orlando Magic,25.6,21,51,17,55,-9.31,0.29,-9.02,105.1,114.5,-9.4,98.7,0.24,0.356,0.527,2021
Oklahoma City Thunder,22.8,22,50,15,57,-10.64,0.51,-10.13,103.5,114,-10.5,101,0.242,0.399,0.539,2021
,,,,,,,,,,,,,,,,
