"","Team","G","MP","FG","FGA","FG.","X3P","X3PA","X3P.","X2P","X2PA","X2P.","FT","FTA","FT.","ORB","DRB","TRB","AST","STL","BLK","TOV","PF","PTS","yearEnd.x","Age","W","L","PW","PL","MOV","SOS","SRS","ORtg","DRtg","NRtg","Pace","FTr","X3PAr","TS.","yearEnd.y"
"1","Atlanta Hawks*",72,17405,41.5,88.8,0.468,12.6,33.9,0.373,28.9,54.8,0.526,20,24.7,0.812,10.7,35.7,46.4,24.5,7.1,4.8,13.5,19.7,115.7,2021,25.4,41,31,41,31,2.32,-0.18,2.14,115.7,113.3,2.4,97.6,0.278,0.382,0.581,2021
"2","Boston Celtics*",72,17380,42,90,0.466,13.8,36.8,0.374,28.2,53.2,0.53,16.3,21,0.775,10.8,34,44.8,23.7,7.8,5.4,14.2,20.7,114,2021,25.1,36,36,39,33,1.46,-0.14,1.32,114,112.5,1.5,98.3,0.234,0.409,0.574,2021
"3","Brooklyn Nets*",72,17405,43,87.1,0.494,14.1,36,0.392,28.9,51.1,0.565,18.1,22.5,0.804,8.9,35.5,44.3,26.7,6.7,5.3,13.5,19,118.3,2021,28.2,48,24,46,26,4.5,-0.27,4.24,118.3,113.8,4.5,99.5,0.258,0.413,0.61,2021
"4","Charlotte Hornets",72,17355,40.4,89,0.455,13.9,37.5,0.369,26.6,51.5,0.517,16.1,21.2,0.761,10.7,33.6,44.3,27.2,7.9,4.8,15,18.3,110.9,2021,24.6,33,39,32,40,-1.93,-0.01,-1.94,110.9,112.8,-1.9,98.3,0.238,0.422,0.564,2021
"5","Chicago Bulls",72,17380,42.3,89,0.476,12.6,34.1,0.37,29.7,54.9,0.542,13.9,17.5,0.791,9.7,35.5,45.1,26.9,6.7,4.2,15.2,19,111.1,2021,25.6,31,41,34,38,-0.89,-0.05,-0.94,111.1,112,-0.9,99,0.197,0.383,0.575,2021
"6","Cleveland Cavaliers",72,17430,39.3,87.4,0.45,10.2,30.3,0.336,29.1,57.1,0.51,17,22.8,0.743,10.6,32.9,43.5,24.3,7.9,4.6,15.8,18.5,105.8,2021,24,22,50,18,54,-8.44,0.25,-8.19,105.8,114.4,-8.6,97.3,0.261,0.347,0.543,2021
"7","Dallas Mavericks*",72,17305,42.2,89.6,0.47,14.2,39.1,0.362,28,50.5,0.554,16.9,21.7,0.778,9.4,35.1,44.5,23.5,6.4,4.4,12.4,19.9,115.4,2021,26.3,42,30,41,31,2.26,-0.01,2.26,115.4,113,2.4,97.3,0.242,0.436,0.582,2021
"8","Denver Nuggets*",72,17480,44,90.8,0.485,13.1,34.8,0.377,30.9,56,0.552,16,19.9,0.803,10.7,34.5,45.2,27.3,8.2,4.6,13.7,19.4,117.1,2021,26.1,47,25,47,25,4.93,-0.11,4.82,117.1,112.1,5,97.1,0.219,0.383,0.588,2021
"9","Detroit Pistons",72,17430,39.2,86.7,0.452,11.7,33.3,0.351,27.5,53.4,0.515,18,23.7,0.759,9.8,33.5,43.3,24.5,7.5,5.2,15.1,20.8,108,2021,24.5,20,52,26,46,-4.47,0.09,-4.38,108,112.5,-4.5,97.9,0.273,0.385,0.556,2021
"10","Golden State Warriors",72,17305,40.3,86.1,0.468,14.2,37.9,0.376,26.1,48.3,0.541,16.2,20.6,0.785,7.8,34.3,42,27,8,4.6,14.7,20.7,111.1,2021,26.7,39,33,38,34,1.06,0.04,1.1,111.1,110.1,1,102.2,0.239,0.439,0.583,2021
"11","Houston Rockets",72,17305,38.6,87.1,0.444,13.6,40,0.339,25.1,47.2,0.532,16.3,22,0.74,9.2,32.8,41.9,23.2,7.5,4.9,14.5,19.2,107.1,2021,26.5,17,55,20,52,-7.9,0.4,-7.5,107.1,114.9,-7.8,101.4,0.252,0.459,0.553,2021
"12","Indiana Pacers",72,17455,42.2,88.9,0.474,12,33.1,0.364,30.1,55.8,0.54,16,20.2,0.792,8.8,32.8,41.6,26.7,8.3,6.2,13.2,19.7,112.4,2021,26.5,34,38,36,36,-0.04,-0.08,-0.13,112.4,112.4,0,101.6,0.227,0.372,0.575,2021
"13","Los Angeles Clippers*",72,17280,43.1,89.4,0.482,14.7,35.8,0.411,28.4,53.6,0.529,16.7,19.9,0.839,9.7,35.8,45.5,25.2,7.3,4.2,13.6,19.8,117.6,2021,28.8,47,25,49,23,6.18,-0.16,6.02,117.6,111.2,6.4,96.9,0.222,0.4,0.599,2021
"14","Los Angeles Lakers*",72,17455,40.8,86.4,0.472,11.1,31.3,0.354,29.7,55,0.539,17.3,23.4,0.739,9.7,34.7,44.4,24.7,7.8,5.4,15.3,19.2,109.9,2021,28.2,42,30,42,30,2.79,-0.03,2.77,109.9,107.1,2.8,98.7,0.271,0.363,0.569,2021
"15","Memphis Grizzlies*",72,17405,42.4,90.8,0.467,11,31,0.356,31.3,59.8,0.525,16.3,21.1,0.771,11,34.9,46,26.6,9,5,13.1,18.5,112,2021,24.2,38,34,38,34,1.03,0.04,1.07,112,111,1,100.4,0.232,0.342,0.56,2021
"16","Miami Heat*",72,17380,40.4,86.2,0.468,13.3,37.2,0.358,27,48.9,0.553,17.2,21.7,0.79,8.3,34.4,42.7,27.1,8.1,4.1,14.5,19.5,111.2,2021,27.4,40,32,36,36,0.03,-0.09,-0.06,111.2,111.2,0,96.6,0.252,0.432,0.581,2021
"17","Milwaukee Bucks*",72,17330,43.6,89.6,0.487,14.1,36.2,0.389,29.6,53.4,0.554,15.8,20.9,0.76,10,36.9,46.9,24.9,7.9,4.5,13.5,16.9,117.2,2021,28.1,46,26,48,24,5.89,-0.32,5.57,117.2,111.4,5.8,102.2,0.233,0.404,0.593,2021
"18","Minnesota Timberwolves",72,17405,39.8,88.8,0.448,12.8,36.7,0.349,27,52.1,0.518,17.2,22.6,0.761,10.3,32.2,42.5,25,8.6,5.4,13.9,20.4,109.5,2021,23.2,23,49,24,48,-5.56,0.31,-5.25,109.5,115,-5.5,101.6,0.254,0.413,0.555,2021
"19","New Orleans Pelicans",72,17430,42.1,88.2,0.477,10.5,30.1,0.348,31.6,58.1,0.544,18.8,25.8,0.729,11.6,35.3,47,25.8,7.5,4.3,14.5,17.8,113.5,2021,24.8,31,41,35,37,-0.29,0.1,-0.2,113.5,113.8,-0.3,100.1,0.293,0.342,0.57,2021
"20","New York Knicks*",72,17430,40.7,89.3,0.456,12.2,31,0.392,28.6,58.3,0.49,17,21.6,0.784,10,36.7,46.6,22.1,7.3,5.2,13.4,21.1,110.6,2021,25.6,41,31,41,31,2.31,-0.18,2.13,110.6,108.2,2.4,95.9,0.242,0.347,0.559,2021
"21","Oklahoma City Thunder",72,17355,38.3,86.8,0.441,11.7,34.6,0.339,26.5,52.2,0.509,15.2,21,0.725,9.8,35.2,45,21.7,6.9,4.3,15.9,17.9,103.5,2021,22.8,22,50,15,57,-10.64,0.51,-10.13,103.5,114,-10.5,101,0.242,0.399,0.539,2021
"22","Orlando Magic",72,17330,38.7,90.2,0.429,11,32.1,0.343,27.7,58,0.476,16.8,21.7,0.775,10.5,35.4,45.9,22.1,7,4.5,13,17.4,105.1,2021,25.6,21,51,17,55,-9.31,0.29,-9.02,105.1,114.5,-9.4,98.7,0.24,0.356,0.527,2021
"23","Philadelphia 76ers*",72,17430,41.2,86.6,0.476,11.2,30,0.374,30,56.6,0.531,19.5,25.4,0.767,10,34.9,44.9,23.6,9.1,6.2,14.4,20.1,113.2,2021,27.1,49,23,48,24,5.58,-0.31,5.28,113.2,107.6,5.6,99.5,0.293,0.347,0.579,2021
"24","Phoenix Suns*",72,17480,44,89.8,0.49,13.3,35.2,0.378,30.8,54.6,0.563,15.9,19,0.834,8.9,34.8,43.7,27.4,7.3,4.4,12.7,19.4,117.2,2021,26.6,51,21,49,23,5.82,-0.15,5.67,117.2,111.3,5.9,97.2,0.212,0.392,0.597,2021
"25","Portland Trail Blazers*",72,17305,41.9,92.4,0.453,16,41.4,0.385,25.9,51,0.509,18.1,22,0.823,10.8,34.4,45.2,21.6,7,5.1,11.3,19.2,117.8,2021,27.4,42,30,40,32,1.79,0.01,1.81,117.8,116,1.8,98.4,0.238,0.448,0.577,2021
"26","Sacramento Kings",72,17305,42.5,88.5,0.481,12.1,33.3,0.364,30.4,55.2,0.551,16.4,22,0.745,9.3,32,41.3,25.5,7.5,5,13.4,19.4,113.6,2021,25.6,31,41,28,44,-3.68,0.23,-3.45,113.6,117.2,-3.6,100,0.248,0.376,0.578,2021
"27","San Antonio Spurs",72,17480,41.8,90.5,0.462,9.9,28.4,0.35,31.9,62.1,0.514,17.4,22,0.792,9.3,34.6,43.8,24.4,7,5.1,11.4,17.9,111,2021,26.2,33,39,32,40,-1.74,0.15,-1.58,111,112.8,-1.8,98.9,0.243,0.314,0.554,2021
"28","Toronto Raptors",72,17305,40,89.3,0.448,14.6,39.6,0.368,25.4,49.7,0.512,17.5,21.5,0.815,9.5,32.4,41.9,24.3,8.6,5.4,13.3,21.3,112,2021,26.6,27,45,35,37,-0.47,-0.07,-0.54,112,112.5,-0.5,99.2,0.241,0.444,0.567,2021
"29","Utah Jazz*",72,17355,41.7,89,0.468,16.9,43.5,0.389,24.8,45.6,0.544,17.3,21.7,0.799,10.7,38,48.8,23.9,6.7,5.2,14.4,18.7,117.6,2021,28.5,52,20,55,17,9.25,-0.29,8.97,117.6,108.3,9.3,98.5,0.244,0.488,0.597,2021
"30","Washington Wizards*",72,17405,41.2,86.7,0.475,9.7,27.7,0.351,31.5,59.1,0.533,19.2,25,0.769,9.2,33.9,43.1,24.3,7,3.9,13.7,20.6,111.2,2021,26.6,34,38,32,40,-1.83,-0.01,-1.85,111.2,113,-1.8,104.1,0.288,0.319,0.569,2021
